id_aluno,horas_estudo,frequencia,atividades_entregues,nota_anterior,nota_final
1,16.7,88.6,8,4.9,6.0
2,13.2,94.5,10,5.0,7.6
3,17.6,88.8,7,8.3,6.6
4,22.4,92.7,7,6.4,7.9
5,12.7,93.6,8,9.0,7.5
6,12.7,91.3,7,5.3,6.2
7,22.7,95.0,10,6.4,8.2
8,18.2,92.4,8,4.8,6.1
9,11.4,89.2,7,6.5,6.7
10,17.0,98.4,8,3.8,4.6
11,11.5,74.6,7,5.6,5.3
12,11.4,82.8,6,3.9,4.5
13,15.3,93.4,7,7.7,6.4
14,3.5,98.8,10,7.8,6.8
15,4.5,85.9,6,3.4,4.6
16,10.9,89.9,8,8.9,7.7
17,8.4,80.5,7,10.0,7.2
18,15.7,94.4,6,6.6,6.2
19,9.0,95.6,9,5.3,6.4
20,6.2,93.6,7,10.0,7.3
21,22.1,91.1,9,4.1,7.2
22,12.8,96.8,7,6.5,7.0
23,14.4,91.0,9,6.8,7.0
24,6.2,91.1,9,8.9,6.7
25,11.0,90.0,9,7.1,6.5
26,14.6,91.3,8,5.6,6.1
27,7.7,84.0,6,4.8,4.9
28,16.1,82.3,6,5.9,6.2
29,10.7,75.6,8,4.7,5.9
30,12.4,80.4,5,6.6,5.8
31,10.7,90.9,6,5.5,5.7
32,24.2,90.5,9,3.8,6.7
33,13.9,92.0,7,8.8,7.0
34,8.2,85.8,6,5.6,5.0
35,18.5,98.3,7,4.2,5.2
36,7.3,87.2,6,6.2,5.3
37,15.1,92.0,8,6.6,7.1
38,3.2,98.3,9,3.4,4.8
39,6.7,77.3,7,7.1,5.8
40,15.1,89.2,8,4.6,6.3
41,18.1,97.5,8,9.6,8.5
42,14.9,96.7,8,7.4,6.6
43,13.4,88.9,8,5.8,6.9
44,12.3,94.7,10,5.2,7.2
45,5.9,97.1,9,6.3,5.7
46,10.0,90.8,7,7.6,6.1
47,11.5,90.6,6,6.5,6.8
48,19.8,89.2,5,6.1,6.3
49,15.9,94.7,9,6.6,5.9
50,4.3,98.9,10,5.4,5.4
51,15.8,87.6,8,5.9,6.4
52,11.9,97.7,8,2.7,4.7
53,10.3,77.0,8,8.3,6.6
54,17.4,80.3,6,7.0,6.5
55,19.7,86.3,9,5.1,7.5
56,19.1,92.5,8,9.9,8.1
57,9.4,90.6,7,6.7,6.8
58,12.3,78.3,7,4.6,6.2
59,15.8,68.3,5,8.0,7.1
60,19.4,89.3,8,7.2,7.4
61,11.4,91.2,8,7.2,5.7
62,13.0,97.0,9,5.7,6.9
63,7.9,72.0,9,7.3,6.9
64,7.4,80.1,8,6.0,5.8
65,18.5,95.2,9,7.5,8.6
66,21.5,95.1,8,3.1,6.6
67,13.6,98.5,10,5.7,7.2
68,19.5,74.4,6,9.6,8.0
69,16.0,92.3,8,5.1,6.6
70,10.5,91.4,7,5.4,4.5
71,16.0,98.0,9,5.7,6.6
72,22.5,75.7,1,4.3,5.5
73,13.8,87.9,8,2.5,4.8
74,22.6,92.7,7,6.1,6.9
75,2.0,92.8,10,6.7,5.8
76,18.5,85.8,7,6.4,7.7
77,14.5,96.5,7,6.2,7.5
78,12.4,74.4,5,6.6,5.2
79,14.5,73.1,4,8.3,6.3
80,3.1,91.0,8,6.2,5.4
81,12.8,88.6,8,5.5,6.5
82,16.0,94.5,10,6.0,7.4
83,22.1,90.2,6,7.5,7.7
84,11.1,83.4,7,9.0,7.2
85,9.6,97.5,7,5.4,7.5
86,11.2,89.0,9,6.7,6.2
87,19.0,86.1,8,7.1,6.2
88,15.8,99.3,10,4.7,6.5
89,11.1,78.2,6,6.5,5.0
90,16.8,88.0,8,3.9,5.1
91,14.5,93.2,10,3.3,5.5
92,19.3,87.5,7,7.2,6.5
93,10.1,82.5,7,5.8,5.3
94,12.2,95.2,7,6.9,6.9
95,11.8,84.7,6,6.5,5.7
96,6.0,95.5,9,4.7,5.7
97,15.6,80.0,8,6.4,7.0
98,15.4,91.4,7,4.3,5.4
99,14.0,83.4,6,9.0,6.9
100,12.7,92.6,7,4.1,5.8
101,6.2,96.5,8,6.1,5.0
102,11.7,88.6,8,4.6,4.5
103,12.1,89.0,5,7.5,6.5
104,9.6,70.3,7,5.9,5.8
105,13.1,76.0,5,5.6,6.6
106,16.2,91.8,9,8.0,7.7
107,24.4,90.2,6,6.6,7.5
108,15.0,97.8,10,7.4,7.5
109,15.4,94.4,9,4.7,6.6
110,13.6,83.3,7,4.0,6.4
111,3.4,85.5,5,6.7,4.1
112,13.9,89.5,8,5.9,6.7
113,14.3,85.3,5,7.6,7.6
114,27.5,78.9,6,6.4,7.1
115,12.9,91.5,9,6.9,7.9
116,15.7,94.6,9,3.6,5.7
117,13.8,98.7,9,9.9,8.2
118,7.6,91.2,6,6.2,5.8
119,20.3,95.7,9,7.8,6.7
120,18.1,87.1,7,5.0,5.5
121,18.4,86.5,4,7.1,5.7
122,9.0,97.6,10,4.2,6.5
123,21.7,95.2,8,7.3,8.1
124,6.3,93.4,10,5.9,6.6
125,17.2,71.6,3,6.6,6.0
126,26.0,90.0,3,7.8,6.9
127,8.6,97.0,9,4.3,6.5
128,10.9,95.0,9,5.3,6.3
129,14.5,92.5,5,7.3,6.5
130,11.2,96.3,7,10.0,7.5
131,5.5,80.6,10,6.3,6.6
132,14.4,89.9,7,7.6,6.7
133,8.2,96.2,10,6.3,7.3
134,16.6,97.6,8,10.0,7.6
135,8.9,70.0,2,3.4,3.0
136,22.5,67.4,4,6.7,6.5
137,9.7,82.1,6,3.6,4.7
138,12.2,89.5,7,2.0,4.5
139,18.5,86.4,7,7.0,7.4
140,7.2,85.7,7,6.8,5.7
141,15.3,86.5,7,6.0,6.2
142,21.2,90.6,6,6.3,7.5
143,5.2,69.0,5,10.0,7.1
144,15.0,95.6,5,6.0,6.9
145,15.4,86.4,4,7.4,6.1
146,18.3,93.6,9,5.3,7.5
147,7.2,76.2,6,7.0,5.2
148,6.7,88.0,7,6.1,5.3
149,16.9,96.9,6,5.8,5.1
150,15.6,86.1,6,9.8,8.4
151,15.4,94.0,8,8.6,7.1
152,15.9,90.9,5,6.7,6.2
153,10.3,80.1,5,2.4,3.7
154,15.3,99.8,10,5.9,7.5
155,15.6,92.3,10,10.0,8.3
156,10.1,98.7,8,6.1,5.7
157,24.3,80.8,7,8.5,8.0
158,16.6,79.2,3,9.1,5.8
159,7.4,94.7,9,6.9,6.2
160,17.6,94.6,7,5.0,5.1
161,8.6,88.9,8,2.1,3.9
162,18.3,95.9,8,7.7,7.6
163,20.4,85.0,9,5.0,5.6
164,9.5,77.3,5,6.8,4.8
165,19.3,78.0,7,4.3,5.8
166,16.3,93.6,8,6.0,6.4
167,18.5,77.8,6,6.6,7.5
168,24.4,98.1,8,7.0,8.8
169,12.7,93.2,7,4.5,5.3
170,9.9,95.5,8,8.7,7.6
171,9.1,98.0,9,5.4,6.7
172,9.5,89.2,8,3.5,5.0
173,13.6,83.6,7,6.3,5.4
174,15.9,78.0,7,6.6,6.4
175,15.5,91.8,9,6.8,7.0
176,18.5,81.6,5,9.0,6.9
177,14.1,78.9,7,6.1,6.4
178,22.0,80.8,5,6.3,6.0
179,12.5,92.4,9,4.5,5.5
180,29.0,87.2,8,8.0,8.3
181,17.4,85.7,4,6.8,6.3
182,9.3,79.0,6,5.7,4.8
183,8.1,83.2,6,3.1,5.0
184,16.7,94.1,7,9.1,6.7
185,12.8,74.6,7,4.3,5.0
186,17.9,92.1,7,5.4,6.3
187,16.6,96.9,7,7.1,6.7
188,13.6,91.9,8,4.3,5.6
189,9.3,81.7,7,3.8,6.1
190,5.7,92.9,8,2.7,4.3
191,11.5,82.4,8,7.8,8.1
192,18.7,85.9,8,5.5,6.8
193,15.2,89.2,4,10.0,7.2
194,7.1,89.1,7,4.7,5.6
195,15.0,93.3,7,4.8,7.4
196,16.1,84.0,7,5.5,5.6
197,9.1,81.8,3,6.9,4.7
198,14.8,96.8,10,5.7,6.6
199,14.3,91.1,9,7.6,7.3
200,7.7,94.8,8,4.7,4.7
201,16.0,95.9,10,4.0,6.5
202,17.1,75.9,9,3.3,6.6
203,20.0,95.0,10,2.5,6.3
204,19.8,88.8,9,5.6,6.8
205,6.4,97.4,9,6.0,6.0
206,8.8,83.5,6,5.4,5.9
207,16.8,86.9,6,8.7,6.7
208,16.8,81.8,5,8.7,7.9
209,16.8,86.9,6,5.9,7.3
210,35.0,98.5,7,3.3,7.2
211,17.1,95.9,8,5.5,6.7
212,20.2,76.8,3,5.4,6.0
213,19.2,96.5,9,5.3,7.6
214,17.6,93.5,8,5.2,6.1
215,12.3,83.7,7,5.3,5.5
216,18.2,98.1,8,5.8,6.2
217,9.7,94.2,10,5.4,6.7
218,12.7,78.2,8,6.9,6.9
219,11.3,95.3,6,7.1,5.7
220,14.5,93.1,8,4.9,6.0
221,26.7,97.5,8,8.8,7.8
222,3.7,87.2,6,4.7,4.4
223,17.8,86.8,5,3.6,5.6
224,5.1,89.5,8,7.2,5.9
225,11.4,85.8,6,5.0,5.3
226,20.0,88.9,9,7.1,6.6
227,14.4,87.3,9,2.2,5.4
228,8.1,89.5,10,9.0,7.5
229,10.1,91.2,6,7.7,6.0
230,17.7,83.5,7,3.8,5.6
231,10.0,99.0,10,3.8,6.1
232,15.2,96.6,8,9.5,7.5
233,14.3,90.4,6,5.2,5.0
234,10.4,75.3,8,5.0,6.6
235,25.8,95.1,9,2.4,6.0
236,17.5,82.9,8,5.9,6.5
237,2.9,99.2,8,6.1,6.5
238,15.0,88.8,6,7.8,8.7
239,10.4,82.2,6,4.0,4.3
240,18.7,85.2,7,3.8,6.0
241,9.6,89.6,6,7.3,5.8
242,13.4,89.8,8,8.3,7.0
243,16.8,82.5,4,3.7,4.5
244,18.8,91.8,6,8.4,6.7
245,7.4,92.3,9,6.6,6.5
246,12.2,75.8,7,8.5,6.0
247,11.4,94.1,8,6.4,7.1
248,10.4,86.0,6,2.0,4.4
249,23.7,82.8,5,6.2,6.8
250,16.2,88.8,7,8.4,7.0
251,7.1,91.8,9,4.9,5.7
252,19.0,70.9,6,5.8,6.2
253,25.7,98.1,8,6.2,6.9
254,19.7,80.4,5,1.3,4.3
255,5.6,89.0,8,9.5,6.6
256,11.3,87.5,6,4.9,5.0
257,21.0,93.6,7,7.4,6.2
258,10.1,94.2,10,6.3,7.5
259,16.4,91.5,9,8.8,7.5
260,18.3,68.2,5,7.2,6.8
261,8.9,75.5,4,6.1,5.7
262,13.7,91.9,8,4.9,5.4
263,2.0,87.3,9,7.9,5.9
264,8.4,90.4,7,3.1,6.3
265,12.6,92.1,10,7.7,8.4
266,7.1,94.1,10,4.5,5.9
267,23.0,95.1,10,8.8,8.8
268,6.1,86.4,8,6.8,5.8
269,11.6,86.6,8,7.7,7.1
270,14.7,86.1,9,6.6,6.5
271,21.9,90.2,8,3.3,5.0
272,6.1,94.0,7,5.0,4.7
273,20.4,93.3,7,7.7,7.4
274,14.1,99.0,9,6.8,6.5
275,8.6,85.8,5,8.6,6.3
276,16.5,99.0,9,7.2,6.9
277,15.1,79.1,8,4.8,5.5
278,10.7,84.0,3,5.1,5.3
279,14.4,71.3,7,6.7,6.3
280,11.9,81.6,8,2.3,4.9
281,14.6,93.9,7,9.5,8.1
282,17.6,88.1,8,7.3,7.4
283,22.7,94.4,8,8.7,9.0
284,7.2,90.5,10,3.7,5.4
285,25.7,76.1,7,8.7,7.6
286,3.3,87.4,5,10.0,5.8
287,13.2,96.8,9,4.1,5.9
288,17.2,91.3,7,7.9,7.8
289,15.5,89.6,8,6.5,7.5
290,10.6,92.0,7,3.7,5.8
291,12.9,76.2,8,7.4,5.6
292,11.3,84.9,8,8.0,7.5
293,10.8,88.9,6,5.4,4.6
294,18.7,83.5,5,8.6,7.5
295,16.0,85.3,6,3.5,5.1
296,10.2,96.3,9,3.8,6.2
297,18.9,75.7,6,6.7,5.7
298,15.7,97.5,10,6.5,8.0
299,18.5,97.4,10,5.2,6.3
300,17.5,96.3,10,8.0,7.6
301,9.4,69.4,5,7.5,5.1
302,10.9,83.6,5,8.0,5.3
303,18.1,96.3,8,6.3,7.1
304,17.4,95.8,10,7.6,8.8
305,13.9,92.2,8,5.7,7.9
306,14.6,85.8,8,10.0,7.9
307,21.0,87.5,7,5.0,7.0
308,10.7,88.2,6,10.0,7.4
309,17.0,78.2,6,6.6,6.6
310,12.9,90.2,8,4.0,5.5
311,12.8,88.8,6,9.0,7.1
312,20.0,90.3,7,6.7,7.3
313,18.5,98.5,7,8.0,7.2
314,18.5,88.3,9,8.7,7.9
315,21.2,89.9,7,7.1,7.2
316,14.1,90.5,10,5.4,7.2
317,17.8,83.5,9,8.3,7.1
318,12.3,96.1,8,6.5,6.6
319,15.8,93.4,7,7.7,8.1
320,13.3,97.7,6,2.6,5.7
321,14.5,92.0,6,7.3,7.4
322,17.3,99.5,7,5.4,6.5
323,9.5,98.9,10,9.5,8.2
324,25.5,92.2,8,7.6,8.5
325,8.5,98.8,9,6.9,7.7
326,7.3,90.3,4,7.4,4.6
327,20.4,83.3,5,4.7,5.0
328,18.4,75.8,7,9.4,8.2
329,17.4,95.6,9,10.0,8.3
330,17.5,93.5,8,7.2,6.9
331,13.9,97.3,9,9.4,7.3
332,9.1,94.7,10,5.5,6.2
333,14.4,75.1,5,5.1,4.5
334,10.3,82.8,7,6.6,7.3
335,19.4,93.9,8,7.3,7.4
336,13.2,99.5,10,5.8,6.9
337,9.5,99.5,6,7.5,6.8
338,12.2,92.7,9,7.1,7.5
339,16.3,89.4,7,4.7,6.5
340,10.9,78.2,7,7.4,6.9
341,9.5,91.1,7,8.1,6.4
342,15.3,85.3,7,6.8,6.4
343,15.3,98.6,10,8.6,8.5
344,11.2,82.9,10,4.3,5.7
345,11.4,86.6,8,7.3,6.7
346,15.3,97.9,7,4.4,6.2
347,6.0,76.8,5,4.5,5.0
348,6.3,94.2,8,5.4,4.8
349,10.0,86.8,4,4.8,5.3
350,12.8,94.3,8,5.5,6.2
351,15.7,97.6,10,6.1,7.6
352,22.1,88.1,5,8.0,7.6
353,18.7,84.1,8,5.9,7.6
354,13.1,75.1,6,3.6,5.6
355,13.9,95.4,7,8.6,8.1
356,8.5,81.1,6,5.0,6.0
357,13.9,98.6,10,6.4,7.4
358,12.4,86.4,8,7.3,6.8
359,15.8,93.1,8,6.9,7.5
360,9.5,73.9,5,8.5,6.5
361,16.9,89.4,8,7.4,7.0
362,22.4,95.7,8,4.9,7.1
363,13.4,85.9,4,10.0,7.0
364,16.2,84.7,10,6.8,6.8
365,17.8,86.5,7,6.2,7.3
366,11.8,85.9,8,8.2,7.1
367,15.2,91.3,8,6.9,8.1
368,14.1,89.5,6,7.2,5.6
369,14.5,66.6,4,10.0,6.4
370,9.7,94.5,6,6.0,5.9
371,14.1,89.4,10,5.9,7.5
372,16.7,92.1,6,6.7,6.8
373,22.0,87.3,6,8.4,7.6
374,19.3,96.2,8,3.8,5.6
375,25.8,74.0,7,3.0,5.1
376,9.8,98.3,9,5.4,6.5
377,18.8,93.3,6,3.6,4.9
378,15.0,84.0,9,5.7,6.3
379,26.0,86.1,8,7.4,8.0
380,9.6,91.5,9,4.9,5.5
381,9.4,95.4,9,3.9,6.6
382,10.7,90.1,10,6.6,7.5
383,2.3,97.9,10,8.1,6.1
384,11.1,90.2,7,3.4,4.7
385,9.8,90.0,10,8.0,6.0
386,14.8,75.4,6,8.0,6.1
387,15.9,97.7,9,8.2,8.2
388,24.3,93.0,5,8.7,7.4
389,19.2,89.6,7,10.0,8.3
390,10.8,85.7,6,5.9,4.9
391,9.1,76.7,7,6.7,6.4
392,16.7,95.0,10,5.8,6.8
393,6.7,91.2,5,6.5,5.6
394,24.1,82.8,7,9.3,8.0
395,20.5,86.9,9,4.1,5.7
396,11.4,85.6,7,5.0,5.0
397,4.6,92.4,9,9.0,7.7
398,21.4,94.6,9,8.3,8.3
399,13.4,85.5,7,5.8,6.7
400,20.8,88.4,7,8.0,7.6
401,5.2,97.7,7,7.1,6.3
402,10.7,86.3,5,9.2,5.8
403,14.0,77.5,7,6.6,6.1
404,14.3,85.8,7,8.3,7.0
405,11.5,76.4,5,10.0,7.9
406,17.4,97.6,8,7.6,7.8
407,8.1,80.1,6,6.6,6.5
408,13.2,99.2,10,7.8,8.0
409,14.7,75.5,5,5.8,5.2
410,16.8,91.1,6,10.0,7.8
411,17.9,90.4,9,6.8,7.4
412,7.8,93.2,8,6.0,5.6
413,5.6,91.1,8,5.0,5.4
414,21.0,87.8,10,8.5,8.1
415,15.8,86.9,7,8.1,8.0
416,9.9,95.0,9,5.6,5.2
417,22.5,93.2,6,7.5,8.0
418,14.6,87.1,7,3.8,5.0
419,20.5,96.6,9,6.8,6.8
420,14.4,90.7,5,7.3,7.0
421,25.3,87.1,7,9.6,8.7
422,23.7,96.3,9,5.1,7.9
423,12.6,93.8,8,4.2,6.3
424,19.3,88.8,9,4.9,7.8
425,17.5,79.1,7,4.1,6.0
426,21.5,92.9,10,8.9,8.4
427,8.7,96.3,7,9.3,7.4
428,17.8,95.8,9,7.1,8.2
429,19.8,81.0,6,8.7,6.9
430,4.3,91.4,6,6.7,5.3
431,7.5,69.9,6,6.3,5.2
432,2.8,82.0,10,5.9,4.7
433,12.5,94.8,8,5.9,6.5
434,17.9,98.5,10,3.7,5.5
435,22.3,94.7,8,7.0,7.6
436,14.4,90.1,7,6.4,6.9
437,23.0,83.6,4,7.8,6.6
438,6.4,83.8,6,6.7,6.6
439,4.6,99.2,7,6.2,5.1
440,13.7,95.5,10,4.9,7.3
441,16.1,81.9,6,6.6,6.7
442,13.8,89.9,7,7.8,6.0
443,2.6,78.7,7,4.4,6.2
444,13.5,89.2,6,6.7,6.3
445,6.8,93.6,7,6.9,5.7
446,17.7,85.5,7,5.2,5.4
447,16.0,90.3,9,5.4,6.5
448,8.8,79.1,7,6.9,6.0
449,11.2,97.6,9,4.5,6.2
450,8.2,96.1,9,7.1,6.6
451,13.7,90.4,8,4.9,6.4
452,19.3,91.9,8,8.4,7.5
453,8.6,96.8,7,10.0,6.4
454,16.8,91.6,8,5.0,6.3
455,11.1,87.7,6,7.5,5.1
456,9.6,77.7,6,5.2,5.5
457,13.4,90.7,7,8.4,6.6
458,8.3,97.0,10,4.2,6.1
459,11.0,75.0,5,7.4,6.6
460,7.4,74.8,3,4.9,3.8
461,24.8,86.0,7,6.1,7.6
462,14.2,85.5,8,4.6,5.7
463,10.2,97.1,10,8.0,8.4
464,15.2,86.3,6,5.0,5.6
465,13.4,90.6,5,7.5,5.9
466,12.8,91.7,9,5.9,7.0
467,17.4,91.8,6,6.3,6.2
468,18.2,94.9,8,6.8,6.7
469,11.1,91.6,7,5.1,5.5
470,10.8,79.1,6,6.9,5.9
471,12.5,85.9,8,9.3,8.2
472,2.0,96.8,8,5.1,4.4
473,5.7,94.9,8,8.6,6.9
474,21.5,90.9,8,9.2,8.5
475,23.0,96.5,9,5.0,7.2
476,12.6,85.8,7,3.9,6.1
477,17.2,89.5,8,7.0,7.0
478,15.7,85.8,8,5.5,6.3
479,30.9,97.2,9,9.9,9.7
480,20.2,85.7,8,6.6,7.1
481,13.3,92.9,6,5.1,5.6
482,8.7,78.5,6,4.4,5.2
483,5.2,96.3,9,8.5,6.7
484,15.1,84.8,8,5.5,6.0
485,9.8,89.5,6,6.6,5.7
486,6.2,94.4,7,8.2,7.3
487,10.4,98.1,8,5.6,4.5
488,8.1,90.9,9,6.4,6.7
489,23.3,86.0,9,6.5,7.5
490,18.8,93.7,8,7.7,6.6
491,14.0,96.3,10,7.6,7.8
492,22.1,95.1,8,6.1,7.5
493,14.4,95.4,8,6.6,7.2
494,9.3,86.0,7,5.8,4.4
495,22.4,96.7,10,3.8,7.6
496,17.0,95.2,9,7.0,7.0
497,8.3,94.0,10,9.9,8.3
498,13.0,90.6,6,4.9,6.1
499,9.2,93.1,9,5.1,5.6
500,6.4,92.9,7,4.9,5.8
501,19.1,89.4,6,7.8,6.9
502,24.5,75.4,6,7.3,5.9
503,6.3,73.4,5,6.2,5.7
504,17.1,92.9,10,4.8,6.3
505,10.4,79.8,6,6.7,5.4
506,11.3,90.5,6,3.7,4.9
507,10.7,95.8,9,6.8,7.0
508,9.2,95.2,5,8.1,6.4
509,14.3,93.0,8,4.2,6.3
510,9.4,88.8,7,3.7,4.4
511,15.5,84.3,8,9.3,7.2
512,13.7,99.7,10,5.4,6.8
513,12.7,94.7,8,8.5,8.4
514,9.0,99.3,9,6.2,6.5
515,10.8,78.3,5,6.2,6.1
516,18.2,93.2,6,7.3,6.9
517,16.8,71.9,6,4.9,5.3
518,8.6,91.1,6,6.7,5.8
519,14.5,92.8,7,5.8,6.2
520,18.1,84.7,5,4.1,5.8
521,4.8,96.1,9,7.1,7.3
522,17.0,84.6,10,6.0,7.2
523,10.4,79.1,4,6.2,5.9
524,17.1,80.2,3,4.3,4.4
525,9.8,89.7,7,9.4,7.0
526,4.1,87.9,7,8.1,5.9
527,5.0,95.1,9,8.2,7.1
528,14.3,77.1,5,6.0,5.5
529,15.4,82.8,6,3.4,5.5
530,9.0,89.4,8,10.0,7.0
531,17.5,95.4,10,6.4,7.4
532,4.9,93.2,5,5.2,5.4
533,13.6,97.3,8,7.3,5.9
534,7.3,80.8,7,8.6,7.7
535,10.4,97.0,7,6.5,6.2
536,14.3,88.4,10,8.8,6.8
537,9.3,89.8,7,8.4,6.9
538,11.9,81.6,6,4.6,5.3
539,19.5,98.9,10,5.3,7.2
540,10.8,82.4,6,8.2,7.0
541,18.6,86.3,4,1.6,4.8
542,7.8,85.2,6,6.2,5.8
543,16.9,91.8,9,3.9,6.5
544,21.9,78.4,5,5.6,6.0
545,2.0,96.8,7,6.0,6.6
546,9.6,87.8,9,5.9,5.5
547,17.2,99.1,8,5.5,6.8
548,12.9,89.9,7,4.5,5.7
549,16.0,92.5,8,10.0,8.5
550,10.7,82.9,8,9.9,7.0
551,14.5,96.3,10,4.4,5.5
552,13.1,98.8,10,9.3,8.3
553,20.4,60.9,5,5.8,5.9
554,15.4,91.2,7,6.7,7.5
555,15.9,87.4,6,6.4,5.6
556,11.7,82.4,7,5.3,6.4
557,11.3,86.8,7,8.3,8.2
558,11.6,87.5,6,6.7,5.9
559,16.2,85.6,7,5.6,5.5
560,11.7,95.1,9,4.2,5.8
561,15.6,90.2,8,4.9,6.2
562,25.4,97.7,9,3.5,7.1
563,18.8,88.1,8,6.5,6.7
564,12.2,93.4,7,4.3,6.5
565,20.6,78.8,5,6.0,5.5
566,11.8,85.6,5,9.0,5.7
567,2.8,78.2,9,8.7,7.2
568,8.5,88.9,7,6.4,4.8
569,3.7,92.7,8,6.3,5.8
570,12.1,86.8,6,9.9,9.0
571,14.1,77.3,10,7.4,7.1
572,23.2,86.3,5,5.9,5.8
573,15.8,89.6,7,3.9,5.7
574,12.8,79.2,7,7.2,6.4
575,18.6,88.5,8,8.0,7.6
576,2.0,77.9,7,5.4,5.4
577,15.3,87.2,10,7.0,6.7
578,18.2,89.6,8,5.8,7.7
579,5.9,82.3,5,6.2,5.4
580,20.3,93.8,8,2.0,6.0
581,15.9,66.8,5,6.1,5.3
582,11.7,89.9,10,8.2,8.2
583,17.5,86.8,5,5.4,5.7
584,26.5,93.2,10,6.6,8.2
585,15.0,93.8,8,5.1,5.8
586,15.4,92.8,9,7.1,6.7
587,11.5,95.5,8,6.1,6.8
588,9.3,74.6,4,4.8,4.4
589,18.6,82.9,8,8.9,7.2
590,9.3,83.4,8,8.2,6.4
591,14.4,97.9,10,5.4,7.3
592,11.4,92.6,8,7.4,6.5
593,16.6,75.8,5,7.5,6.3
594,15.8,92.1,6,7.7,6.9
595,19.7,89.8,9,3.5,5.2
596,11.2,88.0,8,8.3,6.3
597,12.5,75.5,4,5.5,5.3
598,8.6,80.3,5,5.9,4.9
599,11.6,97.5,8,10.0,8.5
600,16.1,99.3,7,7.0,7.5
601,18.2,87.5,6,5.8,6.7
602,8.9,91.7,6,2.5,5.5
603,18.8,90.0,7,9.0,7.6
604,21.5,85.7,6,4.1,6.2
605,16.3,86.8,5,4.7,5.2
606,24.3,77.8,9,5.9,8.5
607,9.7,96.6,10,9.0,8.9
608,7.2,74.8,4,7.9,5.6
609,4.2,99.2,9,6.2,6.5
610,22.2,68.3,5,7.1,7.2
611,17.6,98.2,10,5.4,7.0
612,13.7,83.5,5,6.8,5.7
613,15.5,70.6,7,6.6,6.7
614,7.8,95.7,8,8.2,7.0
615,27.5,90.0,6,8.2,7.9
616,14.7,90.2,9,7.4,6.8
617,14.6,92.2,10,5.8,6.0
618,18.0,88.7,10,7.8,7.9
619,16.6,78.4,4,6.3,6.3
620,15.2,86.0,8,4.6,5.9
621,9.7,88.1,7,5.8,6.7
622,16.6,73.5,6,6.7,5.8
623,24.4,92.7,6,8.1,7.1
624,21.4,85.9,5,6.2,6.4
625,22.8,67.9,3,4.3,5.0
626,11.2,89.8,8,6.6,6.9
627,8.6,86.4,6,6.7,5.5
628,13.3,78.6,7,6.8,7.1
629,14.3,82.5,8,8.2,8.2
630,20.0,75.5,6,8.3,7.0
631,4.7,81.6,9,5.4,6.3
632,22.4,73.7,6,5.4,5.6
633,13.1,85.8,5,4.6,5.9
634,11.7,83.6,9,7.8,7.6
635,8.4,75.7,5,9.1,6.8
636,4.9,97.2,10,5.9,6.4
637,18.5,81.7,9,6.1,5.3
638,14.4,98.2,9,9.1,7.6
639,6.9,83.7,4,7.4,5.2
640,6.9,95.9,7,7.3,5.8
641,12.2,94.9,10,4.4,6.4
642,23.2,96.4,8,7.7,7.6
643,12.6,93.1,8,4.8,5.6
644,5.7,85.7,8,4.5,4.7
645,12.6,95.1,9,5.9,6.3
646,12.5,97.4,9,5.4,7.1
647,2.0,88.5,7,6.1,5.1
648,13.7,87.7,7,3.9,5.2
649,12.7,79.2,7,8.2,6.5
650,17.8,95.8,9,8.5,8.1
651,24.2,67.3,4,3.0,5.2
652,20.2,86.7,9,8.3,6.2
653,12.5,80.0,6,5.0,6.0
654,7.9,91.0,6,8.0,7.2
655,28.2,85.7,6,6.4,6.6
656,14.3,80.1,5,6.6,5.4
657,14.1,86.7,7,6.2,6.1
658,13.9,86.2,9,8.7,7.1
659,15.1,93.9,7,4.3,6.0
660,13.2,92.6,8,7.6,6.0
661,10.8,97.3,8,8.5,6.7
662,11.0,84.1,6,7.8,7.2
663,13.8,89.7,5,10.0,6.8
664,11.0,91.3,7,5.5,6.6
665,10.1,79.4,6,8.2,6.6
666,14.6,98.2,10,6.3,6.2
667,12.6,90.0,8,8.7,7.7
668,22.3,94.8,6,6.5,6.9
669,2.0,90.6,9,5.8,5.5
670,20.0,66.2,5,8.9,7.0
671,20.9,97.0,9,5.6,7.5
672,2.6,83.4,7,4.0,5.0
673,12.1,97.8,8,5.6,7.0
674,12.0,89.9,8,7.6,7.1
675,6.3,96.5,9,9.0,6.6
676,9.7,99.7,6,6.7,6.0
677,7.9,84.6,6,8.9,8.2
678,23.6,89.1,7,4.1,6.7
679,19.1,90.6,8,5.7,8.1
680,21.0,90.4,9,6.0,8.0
681,18.0,77.6,5,6.3,6.2
682,7.8,91.9,7,6.7,6.3
683,11.1,89.8,7,7.7,6.7
684,16.7,91.5,7,5.7,5.5
685,7.3,97.3,8,6.8,6.5
686,17.9,88.2,9,6.4,7.7
687,12.7,82.6,5,4.8,4.9
688,11.9,99.9,10,6.3,7.3
689,17.9,71.0,2,6.2,5.7
690,16.4,96.0,8,6.2,6.4
691,12.0,91.4,7,6.6,6.1
692,20.4,97.1,10,6.6,7.1
693,8.1,96.4,8,5.7,5.6
694,17.4,80.2,3,8.8,5.8
695,17.3,92.2,5,4.4,5.1
696,12.3,85.1,7,5.2,6.6
697,15.8,72.8,6,10.0,6.8
698,7.1,80.1,7,4.6,5.2
699,19.1,91.3,8,4.1,5.9
700,13.0,95.4,10,7.8,8.2
701,11.1,92.6,7,2.8,5.7
702,19.8,82.6,8,6.1,7.3
703,10.1,77.8,3,10.0,6.5
704,6.3,80.9,5,3.7,4.2
705,5.4,94.9,6,2.9,3.8
706,17.3,98.7,8,3.8,7.2
707,7.0,97.5,9,8.1,6.7
708,23.7,95.5,9,8.5,8.7
709,2.5,89.6,8,5.6,6.1
710,23.3,99.2,7,7.7,7.4
711,15.2,76.1,5,9.0,7.3
712,13.5,92.6,6,9.7,7.8
713,11.0,95.1,10,6.1,7.8
714,16.2,76.7,5,2.4,4.3
715,13.8,89.3,7,5.0,5.2
716,20.1,87.3,10,5.7,6.9
717,14.6,88.1,5,6.0,6.0
718,14.8,79.5,4,6.2,5.6
719,12.0,98.0,7,8.5,7.0
720,13.7,88.6,7,8.8,6.2
721,15.7,82.9,7,6.2,6.6
722,4.6,85.6,8,8.5,7.7
723,6.6,89.5,10,7.1,7.0
724,18.1,95.2,5,6.6,6.8
725,14.9,94.8,9,8.1,7.9
726,13.0,96.1,8,6.6,7.0
727,14.1,99.4,8,10.0,8.6
728,15.9,93.9,7,3.9,6.0
729,11.0,98.3,7,5.6,5.9
730,9.7,86.8,10,6.3,6.2
731,15.1,87.6,9,7.3,7.0
732,8.6,89.2,8,8.8,7.3
733,16.2,93.9,10,6.5,7.1
734,4.6,81.2,4,3.9,4.3
735,19.7,94.7,6,8.0,7.5
736,16.6,85.9,4,7.9,6.9
737,15.4,87.1,6,3.0,5.8
738,19.4,84.7,7,6.5,6.8
739,23.2,83.8,7,3.6,5.3
740,19.6,87.0,7,5.3,6.2
741,3.9,91.2,6,4.9,5.0
742,7.0,68.1,6,8.0,4.9
743,10.6,90.1,8,6.7,7.3
744,14.1,97.4,10,4.2,6.5
745,16.8,84.0,4,8.1,6.7
746,10.0,96.7,9,3.9,6.6
747,15.0,93.2,6,7.1,6.3
748,9.8,97.2,8,5.0,6.3
749,10.6,82.1,7,5.8,5.8
750,6.3,89.9,8,7.4,6.3
751,8.9,75.0,4,7.4,5.1
752,6.6,84.6,7,8.9,7.6
753,8.6,95.7,6,6.4,5.8
754,19.8,74.6,7,7.1,7.2
755,8.8,91.1,7,5.7,4.8
756,28.5,78.8,8,6.8,8.2
757,16.7,73.5,5,7.3,6.8
758,15.0,95.2,8,6.3,6.8
759,9.3,92.9,7,3.3,5.0
760,17.9,75.3,7,7.1,6.9
761,10.8,78.8,5,7.2,7.1
762,14.7,91.8,9,5.3,5.6
763,28.1,94.8,8,4.2,7.4
764,13.5,80.6,3,9.2,5.9
765,20.3,94.3,7,7.4,7.3
766,10.1,92.3,6,6.1,5.8
767,13.8,87.7,7,4.5,5.5
768,23.7,96.9,7,5.0,6.8
769,10.6,81.1,8,8.8,6.4
770,24.0,86.6,7,6.7,7.8
771,17.9,85.3,7,5.5,5.3
772,10.9,89.5,9,7.4,7.3
773,17.5,86.1,8,5.0,6.1
774,19.3,76.7,6,9.2,6.7
775,17.4,90.7,7,8.9,7.7
776,5.4,98.6,6,5.7,4.7
777,10.0,91.4,7,5.4,5.9
778,12.6,93.1,7,1.8,4.0
779,13.6,89.9,8,3.8,6.0
780,17.4,97.8,8,4.1,5.7
781,15.0,98.0,10,6.7,7.1
782,6.7,89.8,7,5.9,5.9
783,16.1,88.6,7,4.1,5.3
784,17.4,91.5,10,6.0,7.1
785,17.1,78.6,7,7.4,6.0
786,19.9,81.3,6,7.5,7.2
787,18.6,96.7,8,3.1,6.9
788,16.5,91.5,7,6.3,8.1
789,13.6,84.1,5,4.0,5.1
790,4.9,89.7,7,8.1,6.8
791,16.4,78.7,7,7.9,5.9
792,15.1,88.4,7,4.9,6.8
793,15.5,79.8,4,5.1,5.7
794,7.0,89.9,10,5.7,6.0
795,8.1,88.8,8,2.4,5.5
796,19.8,95.7,6,7.1,6.9
797,13.8,95.9,8,6.0,6.4
798,17.7,96.9,9,8.2,8.1
799,14.2,85.3,9,4.5,5.5
800,14.2,93.7,6,5.4,6.5
801,19.2,91.5,9,3.8,5.8
802,11.2,90.1,10,4.7,5.7
803,14.5,81.4,5,4.4,4.7
804,11.5,87.3,7,8.3,7.3
805,11.6,94.2,7,5.2,5.6
806,12.3,99.7,9,6.7,6.3
807,15.2,88.9,7,5.8,6.0
808,11.4,96.2,9,4.2,6.0
809,20.9,92.5,10,6.2,6.9
810,9.1,92.2,7,7.6,5.9
811,13.0,84.2,4,4.3,6.1
812,11.6,84.2,7,8.0,6.2
813,22.0,88.4,8,5.0,6.5
814,15.1,90.6,8,5.6,6.2
815,19.7,81.2,6,7.5,6.6
816,5.8,83.7,7,5.3,5.7
817,15.5,76.2,8,6.6,7.1
818,18.9,79.7,7,5.9,6.2
819,14.5,77.6,5,6.7,5.3
820,19.9,81.6,6,2.2,5.7
821,11.2,92.6,8,3.2,5.3
822,21.8,86.4,10,7.6,8.9
823,26.6,80.1,6,8.4,6.4
824,12.0,82.5,7,4.9,5.7
825,11.5,83.6,6,6.1,6.9
826,22.0,93.7,10,7.0,7.7
827,22.7,88.6,10,7.7,8.0
828,11.1,71.6,6,2.9,4.6
829,11.7,88.9,8,4.9,5.6
830,12.5,90.0,8,5.9,6.2
831,6.6,79.4,3,7.8,5.2
832,8.9,87.5,8,10.0,7.1
833,8.5,86.2,7,6.1,6.5
834,9.8,89.2,8,4.0,5.7
835,13.8,88.1,6,7.2,6.6
836,15.3,79.4,6,8.9,7.4
837,22.5,86.2,6,6.7,6.7
838,8.5,96.6,10,4.9,5.8
839,19.4,96.0,8,8.2,7.4
840,12.8,98.9,10,7.7,7.6
841,13.7,92.1,9,4.7,5.7
842,17.7,90.9,6,7.2,6.5
843,7.8,99.6,9,8.3,7.0
844,16.1,94.8,7,8.6,8.6
845,14.9,92.2,5,6.4,4.6
846,16.7,71.7,7,5.9,6.0
847,15.6,97.8,10,8.7,9.1
848,27.5,95.2,9,4.3,7.2
849,10.5,90.3,8,7.3,7.1
850,11.1,88.7,5,4.0,5.0
851,10.6,77.5,5,8.4,5.9
852,10.9,96.8,10,6.0,5.6
853,10.5,95.9,7,8.8,7.3
854,20.5,99.0,5,7.4,6.6
855,21.8,88.6,7,4.3,5.8
856,10.9,97.0,8,9.1,7.2
857,9.4,72.3,5,9.3,7.3
858,16.6,85.0,8,8.1,8.6
859,11.0,87.2,8,5.1,6.0
860,17.5,80.3,7,5.9,6.1
861,15.1,87.6,9,6.8,6.4
862,5.7,90.3,5,5.2,5.3
863,22.5,81.9,7,9.5,9.0
864,23.9,87.9,8,6.8,7.3
865,10.6,94.2,6,1.6,3.1
866,11.9,85.9,5,7.1,6.4
867,15.6,91.0,7,5.9,6.9
868,15.8,85.7,6,6.4,5.4
869,17.6,93.3,9,5.8,7.1
870,25.1,94.2,7,8.0,8.1
871,13.0,84.9,6,8.5,6.8
872,9.6,88.8,7,7.0,5.9
873,6.4,89.5,9,5.9,6.7
874,10.0,81.2,6,6.4,5.6
875,13.8,89.9,7,6.5,5.6
876,23.9,96.9,8,5.1,5.9
877,11.2,94.5,10,7.5,8.0
878,15.2,93.2,7,7.3,7.2
879,13.9,80.7,8,9.3,7.5
880,20.5,79.1,6,8.8,7.1
881,27.9,78.4,6,5.3,6.3
882,11.1,85.2,10,8.0,6.7
883,11.3,80.1,5,4.8,4.9
884,19.7,81.4,6,7.8,5.8
885,17.8,98.6,7,5.6,6.2
886,24.2,99.0,10,4.7,7.2
887,17.2,70.9,7,7.0,6.8
888,12.0,93.8,10,1.7,5.3
889,17.2,91.2,10,3.3,6.6
890,20.1,92.0,8,6.2,7.8
891,18.5,83.0,6,6.6,7.1
892,16.8,95.5,6,5.8,6.6
893,19.9,94.0,10,3.7,6.6
894,20.4,99.4,10,5.0,6.7
895,21.6,93.2,7,7.2,7.7
896,17.6,79.4,8,7.5,8.0
897,13.1,86.9,6,6.5,6.3
898,14.8,87.4,8,8.6,8.5
899,20.6,86.5,7,7.2,6.3
900,9.5,94.2,9,5.2,5.5
901,16.0,84.6,7,6.0,6.8
902,11.8,98.9,7,4.0,5.8
903,14.2,92.5,8,6.3,7.4
904,21.0,78.8,8,8.5,7.6
905,15.1,80.8,6,7.7,6.1
906,14.3,98.8,10,9.0,8.0
907,6.5,79.7,5,6.0,4.3
908,18.1,92.8,8,8.9,7.2
909,17.6,97.9,8,6.2,7.5
910,25.9,79.5,7,9.1,8.5
911,12.3,97.6,9,6.5,7.1
912,15.2,95.3,9,7.8,6.6
913,15.4,81.7,8,9.2,7.4
914,22.7,89.7,9,6.2,6.7
915,13.5,98.3,9,6.9,7.8
916,15.5,77.6,4,8.8,6.2
917,17.3,86.2,7,6.3,6.0
918,15.0,87.3,6,4.1,5.5
919,11.5,81.9,6,10.0,6.8
920,15.1,87.5,7,5.7,7.0
921,19.9,86.6,6,6.8,6.3
922,8.4,89.0,5,8.6,5.6
923,14.7,59.5,2,5.4,3.3
924,10.1,89.3,8,4.7,5.7
925,20.6,90.8,6,7.0,6.6
926,5.6,86.1,7,3.3,3.9
927,10.9,94.4,10,6.0,7.4
928,16.1,94.0,10,6.9,7.8
929,22.6,87.3,10,6.0,7.4
930,13.6,83.9,7,3.7,6.1
931,10.9,82.6,8,9.4,7.7
932,24.3,85.6,6,6.7,6.5
933,6.0,82.5,6,9.1,5.9
934,2.0,77.9,2,6.0,4.7
935,16.4,90.8,9,4.9,6.7
936,11.2,98.3,10,7.0,7.3
937,8.4,83.2,6,6.1,5.1
938,17.9,94.2,8,4.4,6.6
939,15.3,87.9,6,9.1,6.8
940,10.9,99.4,9,5.4,6.4
941,7.0,82.2,8,3.2,5.7
942,18.8,87.5,5,8.9,6.8
943,17.6,81.5,7,5.6,5.4
944,13.5,98.5,8,5.4,5.8
945,24.2,83.9,7,3.3,6.5
946,8.1,96.9,9,9.6,7.8
947,5.6,76.2,5,4.2,4.3
948,10.2,89.2,7,6.6,5.9
949,13.7,88.7,7,8.1,7.3
950,15.3,94.4,10,7.3,7.1
951,12.7,97.8,9,6.4,7.1
952,15.9,91.2,8,3.4,5.3
953,7.1,77.2,4,5.0,4.1
954,21.9,84.1,6,6.8,6.5
955,13.5,77.5,7,5.1,5.5
956,20.1,98.5,9,6.9,7.6
957,15.9,96.3,9,7.7,7.7
958,16.5,86.1,10,8.2,5.7
959,17.1,90.5,9,4.3,5.9
960,16.5,92.5,8,10.0,7.9
961,17.5,94.7,7,7.9,8.1
962,21.3,95.4,5,6.5,6.1
963,15.1,96.3,8,8.5,7.7
964,17.9,78.6,6,10.0,8.4
965,13.5,86.4,8,3.9,4.9
966,21.9,93.6,8,6.1,7.4
967,10.3,96.4,8,2.2,4.6
968,23.9,95.7,6,6.8,6.9
969,13.8,82.8,5,7.2,5.7
970,6.1,86.6,8,6.4,5.6
971,14.7,87.1,10,5.3,8.1
972,10.3,92.9,8,2.8,5.6
973,18.6,97.2,9,7.2,8.2
974,10.4,81.9,8,9.1,7.4
975,11.5,69.7,4,5.4,4.0
976,3.6,80.0,7,7.3,6.0
977,11.5,70.6,4,3.7,4.9
978,2.0,94.1,9,7.3,5.9
979,5.3,94.2,8,5.8,6.4
980,18.2,96.7,9,5.1,7.2
981,18.3,80.3,5,5.1,6.7
982,16.3,96.4,10,5.8,6.9
983,8.7,79.4,9,7.2,5.9
984,13.7,95.8,7,4.1,5.5
985,14.0,99.7,8,5.8,7.4
986,7.6,78.1,6,6.4,4.5
987,22.3,81.4,8,4.5,5.3
988,18.8,87.3,6,9.7,7.7
989,12.8,84.5,3,5.0,4.7
990,14.1,78.9,8,5.3,6.0
991,15.1,87.4,8,4.7,6.6
992,2.8,88.9,5,9.7,6.1
993,12.6,95.4,7,7.5,5.8
994,10.2,95.9,10,4.8,7.5
995,8.5,97.6,10,8.5,7.0
996,12.5,93.1,9,6.9,6.4
997,23.9,96.3,8,7.0,8.3
998,17.5,77.6,6,5.9,5.9
999,10.9,83.3,6,5.2,5.4
1000,17.1,83.8,8,7.1,7.2
